{
	"id": "quilt-loader-0.18.6-1.19.4",
	"inheritsFrom": "1.19.4",
	"type": "release",
	"mainClass": "org.quiltmc.loader.impl.launch.knot.KnotClient",
	"arguments": {
		"game": []
	},
	"libraries": [
		{
			"name": "net.fabricmc:tiny-mappings-parser:0.3.0+build.17",
			"url": "https://maven.fabricmc.net/"
		},
		{
			"name": "net.fabricmc:sponge-mixin:0.12.4+mixin.0.8.5",
			"url": "https://maven.fabricmc.net/"
		},
		{
			"name": "net.fabricmc:tiny-remapper:0.8.6",
			"url": "https://maven.fabricmc.net/"
		},
		{
			"name": "net.fabricmc:access-widener:2.1.0",
			"url": "https://maven.fabricmc.net/"
		},
		{
			"name": "org.quiltmc:quilt-json5:1.0.2",
			"url": "https://maven.quiltmc.org/repository/release/"
		},
		{
			"name": "org.ow2.asm:asm:9.4",
			"url": "https://maven.fabricmc.net/"
		},
		{
			"name": "org.ow2.asm:asm-analysis:9.4",
			"url": "https://maven.fabricmc.net/"
		},
		{
			"name": "org.ow2.asm:asm-commons:9.4",
			"url": "https://maven.fabricmc.net/"
		},
		{
			"name": "org.ow2.asm:asm-tree:9.4",
			"url": "https://maven.fabricmc.net/"
		},
		{
			"name": "org.ow2.asm:asm-util:9.4",
			"url": "https://maven.fabricmc.net/"
		},
		{
			"name": "org.quiltmc:quilt-config:1.0.0-beta.6",
			"url": "https://maven.quiltmc.org/repository/release/"
		},
		{
			"name": "net.fabricmc:intermediary:1.19.4",
			"url": "https://maven.fabricmc.net/"
		},
		{
			"name": "net.fabricmc:intermediary:1.19.4",
			"url": "https://maven.fabricmc.net/"
		},
		{
			"name": "org.quiltmc:quilt-loader:0.18.6",
			"url": "https://maven.quiltmc.org/repository/release/"
		}
	],
	"releaseTime": "2023-03-22T17:37:27+0000",
	"time": "2023-03-22T17:37:27+0000"
}